name,url,category,source
sitseasons.com,https://sitseasons.com,builtwith,builtwith_export
windowmotor.com.au,https://windowmotor.com.au,builtwith,builtwith_export
hibachitabo.com.au,https://hibachitabo.com.au,builtwith,builtwith_export
goodchoicepack.com.au,https://goodchoicepack.com.au,builtwith,builtwith_export
agedcareandmedical.com.au,https://agedcareandmedical.com.au,builtwith,builtwith_export
beehivesforsale.com.au,https://beehivesforsale.com.au,builtwith,builtwith_export
concordaerospace.com,https://concordaerospace.com,builtwith,builtwith_export
limit-break.com.au,https://limit-break.com.au,builtwith,builtwith_export
cluci.com,https://cluci.com,builtwith,builtwith_export
gluesaustralia.com.au,https://gluesaustralia.com.au,builtwith,builtwith_export
ourpatchpetfood.com.au,https://ourpatchpetfood.com.au,builtwith,builtwith_export
shop.guidinglightpsychology.com.au,https://shop.guidinglightpsychology.com.au,builtwith,builtwith_export
rescuegoo.com,https://rescuegoo.com,builtwith,builtwith_export
fourcornersrugs.com,https://fourcornersrugs.com,builtwith,builtwith_export
trainersbrand.com.au,https://trainersbrand.com.au,builtwith,builtwith_export
sannohealthcare.com,https://sannohealthcare.com,builtwith,builtwith_export
slick.com.au,https://slick.com.au,builtwith,builtwith_export
goodhappy.com.au,https://goodhappy.com.au,builtwith,builtwith_export
farmafternoons.com.au,https://farmafternoons.com.au,builtwith,builtwith_export
fabricoz.com.au,https://fabricoz.com.au,builtwith,builtwith_export
lalola.com.au,https://lalola.com.au,builtwith,builtwith_export
abovebyronprinting.com.au,https://abovebyronprinting.com.au,builtwith,builtwith_export
nichefruits.com.au,https://nichefruits.com.au,builtwith,builtwith_export
suppremesupps.com.au,https://suppremesupps.com.au,builtwith,builtwith_export
enkisystems.com.au,https://enkisystems.com.au,builtwith,builtwith_export
schoolfundraisingshop.com.au,https://schoolfundraisingshop.com.au,builtwith,builtwith_export
succulent2018.com.au,https://succulent2018.com.au,builtwith,builtwith_export
glamhair.com.au,https://glamhair.com.au,builtwith,builtwith_export
bnb-fresh.myshopify.com,https://bnb-fresh.myshopify.com,builtwith,builtwith_export
eomma.com.au,https://eomma.com.au,builtwith,builtwith_export
malikasuniverse.com,https://malikasuniverse.com,builtwith,builtwith_export
kayoz.au,https://kayoz.au,builtwith,builtwith_export
meindl.com.au,https://meindl.com.au,builtwith,builtwith_export
be-elit3.com,https://be-elit3.com,builtwith,builtwith_export
bloomingconcepts.com.au,https://bloomingconcepts.com.au,builtwith,builtwith_export
21concept.com.au,https://21concept.com.au,builtwith,builtwith_export
sunniday.com.au,https://sunniday.com.au,builtwith,builtwith_export
momsonamission.com.au,https://momsonamission.com.au,builtwith,builtwith_export
alexandradodds.co.nz,https://alexandradodds.co.nz,builtwith,builtwith_export
micksautoparts.com.au,https://micksautoparts.com.au,builtwith,builtwith_export
lovekiki.com.au,https://lovekiki.com.au,builtwith,builtwith_export
thelittlebluebird.com.au,https://thelittlebluebird.com.au,builtwith,builtwith_export
jve11s.com.au,https://jve11s.com.au,builtwith,builtwith_export
startoys.com.au,https://startoys.com.au,builtwith,builtwith_export
mummanourrir.com.au,https://mummanourrir.com.au,builtwith,builtwith_export
bondibridal.com.au,https://bondibridal.com.au,builtwith,builtwith_export
tilesite.com.au,https://tilesite.com.au,builtwith,builtwith_export
alberts.com.au,https://alberts.com.au,builtwith,builtwith_export
jkcollective.com.au,https://jkcollective.com.au,builtwith,builtwith_export
sydneyvapesupply.com.au,https://sydneyvapesupply.com.au,builtwith,builtwith_export
daviesautomotiveindustrial.com.au,https://daviesautomotiveindustrial.com.au,builtwith,builtwith_export
goodlifemarket.com.au,https://goodlifemarket.com.au,builtwith,builtwith_export
born2collect.store,https://born2collect.store,builtwith,builtwith_export
shinedrink.com.au,https://shinedrink.com.au,builtwith,builtwith_export
recipeforserenity.com.au,https://recipeforserenity.com.au,builtwith,builtwith_export
sageandsoundco.com.au,https://sageandsoundco.com.au,builtwith,builtwith_export
igetgalore.com.au,https://igetgalore.com.au,builtwith,builtwith_export
wildflowerprints.com.au,https://wildflowerprints.com.au,builtwith,builtwith_export
projectcalm.com.au,https://projectcalm.com.au,builtwith,builtwith_export
timberoakfloors.com.au,https://timberoakfloors.com.au,builtwith,builtwith_export
tapsylocksmith.com.au,https://tapsylocksmith.com.au,builtwith,builtwith_export
factionsports.com.au,https://factionsports.com.au,builtwith,builtwith_export
cloudclubvapes.com.au,https://cloudclubvapes.com.au,builtwith,builtwith_export
cozyhausfurniture.com.au,https://cozyhausfurniture.com.au,builtwith,builtwith_export
heatpro.com.au,https://heatpro.com.au,builtwith,builtwith_export
educationmerch.com,https://educationmerch.com,builtwith,builtwith_export
cameroo.com.au,https://cameroo.com.au,builtwith,builtwith_export
bgandco.com.au,https://bgandco.com.au,builtwith,builtwith_export
iseayouseaswim.com.au,https://iseayouseaswim.com.au,builtwith,builtwith_export
scandicandy.com.au,https://scandicandy.com.au,builtwith,builtwith_export
vitasport.co.nz,https://vitasport.co.nz,builtwith,builtwith_export
skingalaxy.com.au,https://skingalaxy.com.au,builtwith,builtwith_export
xoxoglamstore.com.au,https://xoxoglamstore.com.au,builtwith,builtwith_export
bareinstinct.com.au,https://bareinstinct.com.au,builtwith,builtwith_export
earthmovingmachinery.com.au,https://earthmovingmachinery.com.au,builtwith,builtwith_export
ladyloaf.com.au,https://ladyloaf.com.au,builtwith,builtwith_export
saihomemart.com,https://saihomemart.com,builtwith,builtwith_export
findmypet.au,https://findmypet.au,builtwith,builtwith_export
kjim.online,https://kjim.online,builtwith,builtwith_export
jubileest.com.au,https://jubileest.com.au,builtwith,builtwith_export
gramercycouture.com,https://gramercycouture.com,builtwith,builtwith_export
liplok.com.au,https://liplok.com.au,builtwith,builtwith_export
kingkongsportswear.com.au,https://kingkongsportswear.com.au,builtwith,builtwith_export
sohosmart.com.au,https://sohosmart.com.au,builtwith,builtwith_export
akituwine.com.au,https://akituwine.com.au,builtwith,builtwith_export
thisthingdidgood.com.au,https://thisthingdidgood.com.au,builtwith,builtwith_export
coastallivingco.com,https://coastallivingco.com,builtwith,builtwith_export
geronasgift.com,https://geronasgift.com,builtwith,builtwith_export
boxlabs.com.au,https://boxlabs.com.au,builtwith,builtwith_export
yasihq.com,https://yasihq.com,builtwith,builtwith_export
spacegifts.com.au,https://spacegifts.com.au,builtwith,builtwith_export
bakehousesc.com.au,https://bakehousesc.com.au,builtwith,builtwith_export
theterracollective.com.au,https://theterracollective.com.au,builtwith,builtwith_export
sensorykids.co,https://sensorykids.co,builtwith,builtwith_export
pottering.com.au,https://pottering.com.au,builtwith,builtwith_export
hellobleach.com,https://hellobleach.com,builtwith,builtwith_export
ssfurniture.co.uk,https://ssfurniture.co.uk,builtwith,builtwith_export
luxxeaesthetics.com.au,https://luxxeaesthetics.com.au,builtwith,builtwith_export
smartlittletoys.com.au,https://smartlittletoys.com.au,builtwith,builtwith_export
Dinosaur Designs,https://dinosaurdesigns.com.au,potential_lead,potential_leads_xlsx
En Gold,https://engold.com.au,potential_lead,potential_leads_xlsx
Boteh,https://boteh.com.au,potential_lead,potential_leads_xlsx
Style Magazines,https://stylemagazines.com.au,media,manual
